{
  "main": {
    "id": "1f1a8885265a72eb",
    "type": "split",
    "children": [
      {
        "id": "d45e20319731f157",
        "type": "tabs",
        "children": [
          {
            "id": "2ade7d0927d3ee77",
            "type": "leaf",
            "state": {
              "type": "markdown",
              "state": {
                "file": "15 实训5：改造 Tony 的旅行日志/1 上机实训：HTML 改造(20min).md",
                "mode": "preview",
                "source": false
              }
            }
          }
        ]
      }
    ],
    "direction": "vertical"
  },
  "left": {
    "id": "61064d347ad8b4fe",
    "type": "split",
    "children": [
      {
        "id": "3b01fbc8fe92f9aa",
        "type": "tabs",
        "children": [
          {
            "id": "c5fa96920010f758",
            "type": "leaf",
            "state": {
              "type": "file-explorer",
              "state": {
                "sortOrder": "alphabetical"
              }
            }
          },
          {
            "id": "b8274843f9b3f20f",
            "type": "leaf",
            "state": {
              "type": "search",
              "state": {
                "query": "",
                "matchingCase": false,
                "explainSearch": false,
                "collapseAll": false,
                "extraContext": false,
                "sortOrder": "alphabetical"
              }
            }
          },
          {
            "id": "e5ea36b29a5f1eb2",
            "type": "leaf",
            "state": {
              "type": "starred",
              "state": {}
            }
          },
          {
            "id": "aa658b5c5cdc875f",
            "type": "leaf",
            "state": {
              "type": "bookmarks",
              "state": {}
            }
          }
        ]
      }
    ],
    "direction": "horizontal",
    "width": 300
  },
  "right": {
    "id": "ead394a5b92bb4b3",
    "type": "split",
    "children": [
      {
        "id": "7665c24e9725bdd6",
        "type": "tabs",
        "children": [
          {
            "id": "6b02638c48049349",
            "type": "leaf",
            "state": {
              "type": "backlink",
              "state": {
                "file": "15 实训5：改造 Tony 的旅行日志/1 上机实训：HTML 改造(20min).md",
                "collapseAll": false,
                "extraContext": false,
                "sortOrder": "alphabetical",
                "showSearch": false,
                "searchQuery": "",
                "backlinkCollapsed": false,
                "unlinkedCollapsed": true
              }
            }
          },
          {
            "id": "aa175fa5202fa4c9",
            "type": "leaf",
            "state": {
              "type": "outgoing-link",
              "state": {
                "file": "15 实训5：改造 Tony 的旅行日志/1 上机实训：HTML 改造(20min).md",
                "linksCollapsed": false,
                "unlinkedCollapsed": true
              }
            }
          },
          {
            "id": "7af54f23f8f1eed0",
            "type": "leaf",
            "state": {
              "type": "tag",
              "state": {
                "sortOrder": "frequency",
                "useHierarchy": true
              }
            }
          },
          {
            "id": "4bbec95aa2c6d160",
            "type": "leaf",
            "state": {
              "type": "outline",
              "state": {
                "file": "15 实训5：改造 Tony 的旅行日志/1 上机实训：HTML 改造(20min).md"
              }
            }
          },
          {
            "id": "13caef7dd23f51d4",
            "type": "leaf",
            "state": {
              "type": "all-properties",
              "state": {
                "sortOrder": "frequency"
              }
            }
          }
        ]
      }
    ],
    "direction": "horizontal",
    "width": 300,
    "collapsed": true
  },
  "left-ribbon": {
    "hiddenItems": {
      "switcher:打开快速切换": false,
      "graph:查看关系图谱": false,
      "canvas:新建白板": false,
      "daily-notes:打开/创建今天的日记": false,
      "templates:插入模板": false,
      "command-palette:打开命令面板": false
    }
  },
  "active": "2ade7d0927d3ee77",
  "lastOpenFiles": [
    "14 十一、颜色样式/1 颜色(40min).md",
    "15 实训5：改造 Tony 的旅行日志/1 上机实训：HTML 改造(20min).md",
    "14 十一、颜色样式/0 课程引入(10min).md",
    "15 实训5：改造 Tony 的旅行日志/2 上机实训：CSS 改造(40min).md",
    "15 实训5：改造 Tony 的旅行日志/3 展示点评(20min).md",
    "13 十、字体样式/5 课程小结(5min).md",
    "13 十、字体样式/4 重新认识 font-weight(5min).md",
    "13 十、字体样式/3 重新认识 font-size(20min).md",
    "13 十、字体样式/2 重新认识 font-family(25min).md",
    "13 十、字体样式/1 常用文本属性(15min).md",
    "13 十、字体样式/0 课程引入(10min).md",
    "14 十一、颜色样式/3 课程小结(10min).md",
    "14 十一、颜色样式/2 其他补充(20min).md",
    "08 实训4：Git 与 GitHub/2 教师演示：首次使用 GitHub(40min).md",
    "12 九、CSS 入门 2/3 谈谈 CSS 继承(20min).md",
    "12 九、CSS 入门 2/4 git 与 Github 最后的课堂实习(20min).md",
    "12 九、CSS 入门 2/5 课程小结(5min).md",
    "03 三、HTML 基础知识/1 HTML 与页面(30min).md",
    "06 四、深入理解超文本/1 改进休闲吧(20min).md",
    "00 〇、课程概述/3 评分方式（40min）.md",
    "11 八、CSS 入门 1/5 课程小结(10min).md",
    "03 三、HTML 基础知识/4 课程小结(10min).md",
    "12 九、CSS 入门 2/2 完成所有页面的添加并测试(10min).md",
    "12 九、CSS 入门 2/1 在页面上引入外部 CSS 样式(15min).md",
    "12 九、CSS 入门 2/0 课程引入(15min).md",
    "11 八、CSS 入门 1/4 选择器(20min).md",
    "未命名.canvas",
    "appendixes/lightblue.jpg",
    "appendixes/green.jpg",
    "07 五、重新组织网站",
    "06 四、深入理解超文本",
    "08 实训4：Git 与 GitHub",
    "04 实训2：Git 基本操作",
    "05 实训3：Git 操作进阶"
  ]
}